{
  "industry_safety": {
    "affine": [
      [
        1.706,
        33.103,
        -6301.5
      ],
      [
        36.942,
        3.97,
        -10626.8
      ],
      [
        0.0,
        0.0,
        1.0
      ]
    ],
    "box": [
      -8301.5,
      4609.604000000001,
      -12626.8,
      1846.6720000000005
    ]
  },
  "retail": {
    "affine": [
      [
        4.477905855025703,
        23.386170102541634,
        -6572.244313466355
      ],
      [
        52.29455984462042,
        -0.015490966119813265,
        -16871.30111783615
      ],
      [
        0.0,
        0.0,
        1.0
      ]
    ],
    "box": [
      -8572.244313466355,
      2560.959131670883,
      -18875.26680516282,
      -1483.8937976133202
    ]
  },
  "cafe_shop": {
    "affine": [
      [
        9.147044653316827,
        35.12691073415402,
        -6954.7048870554545
      ],
      [
        38.946346837666155,
        -0.776454082799134,
        -11550.681790438835
      ],
      [
        0.0,
        0.0,
        1.0
      ]
    ],
    "box": [
      -8954.704887055454,
      6379.427692137083,
      -13749.454035635414,
      419.58300000370036
    ]
  },
  "lobby": {
    "affine": [
      [
        4.113643839493642,
        26.768651175930366,
        -6365.46441025752
      ],
      [
        59.85833741841722,
        -0.31852337667901054,
        -18863.977595338918
      ],
      [
        0.0,
        0.0,
        1.0
      ]
    ],
    "box": [
      -8365.46441025752,
      3540.4031136910253,
      -20945.519579768745,
      -1540.2432162241093
    ]
  },
  "office": {
    "affine": [
      [
        -6.097698701722789,
        24.601160203287478,
        -1850.0300347541179
      ],
      [
        30.400440409460128,
        3.3496604020067977,
        -9478.004337901368
      ],
      [
        0.0,
        0.0,
        1.0
      ]
    ],
    "box": [
      -5411.0409023951515,
      6447.866977287476,
      -11478.004337901368,
      1162.0214698341642
    ]
  }
}